epoch,train_loss_all,train_acc_all,val_loss_all,val_acc_all
0,0.008790080605719525,0.0,0.0036426935022553573,0.0
1,0.0033551088462655363,0.0,0.0025151888481699503,0.0
2,0.0023833543796522114,0.0,0.0019044504823306431,0.0
3,0.0018564810922655922,0.0,0.001539581746328622,0.0
4,0.0015100889991467388,0.0,0.0013135210879576893,0.0
5,0.0013058016864726176,0.0,0.001189164920316006,0.0
6,0.0011741963725608701,0.0,0.0011018456671780979,0.0
7,0.001065064969365127,0.0,0.0010186607340494027,0.0
8,0.0009001512752057841,0.05286252741681762,0.0009812368594933874,0.14486552138527847
9,0.0007317876980568354,0.10520436616497907,0.0020411468621415016,0.15893100740064242
10,0.0006488226824260962,0.12123772573332993,0.01816670739879975,0.15894263742357823
11,0.000594768283637957,0.13582232821237633,0.02003138344018505,0.16015812788685652
12,0.0005608666486715755,0.14708482757271898,0.023859813415373746,0.15826249114696248
13,0.0005290915746277628,0.156809964531428,0.02523193608682889,0.15893073134395294
14,0.0005063804934392325,0.15760474568033928,0.0008045723952818662,0.12129598170512684
15,0.00048395934796784644,0.17170778194292835,0.00080944954802712,0.12350725951825661
16,0.0004603330811593108,0.1919202521081457,0.000785232098468651,0.08603452020494504
17,0.0004415933318131675,0.2094131733029571,0.0008014572063425126,0.13832284054409505
18,0.00042528311650340375,0.2129205785938561,0.0007935677108784708,0.13695628525785503
19,0.00040906663455713826,0.22333427657677737,0.0009276272657398994,0.1497393247329955
20,0.00039531060834773455,0.2359366884171881,0.002032712124323902,0.15709976473017478
21,0.0003849010211594689,0.23870850746036254,0.002639159869151906,0.18486929834257576
22,0.00037651407630899205,0.24611294000728232,0.0007887182045333947,0.12989326933114925
23,0.000367217562877788,0.2478930366932885,0.0007639154881382218,0.12263891657515526
24,0.00036060899863234506,0.25663412478079306,0.0007634396673753285,0.12101595629398712
25,0.00035354806571446644,0.2624428999791303,0.004832537889552231,0.19078302507581374
26,0.00034640387233454163,0.2782378067170821,0.0039056246168911457,0.1639938733617279
27,0.00033953579706856265,0.2759442001109679,0.005627321930100711,0.18784190969588752
28,0.00033383749206013116,0.2815966213486776,0.0028283303478159583,0.17805348872232374
29,0.0003291443303728906,0.2859148300473072,0.0032467317606250825,0.1884332214017421
30,0.00032460708014416293,0.29209239091798045,0.0014601711031550972,0.17358154710633766
31,0.0003192210861016065,0.29446199560452047,0.003143281165438776,0.18366325108242476
32,0.000314469842123799,0.30991206046688724,0.0052045953209297014,0.19507549348768072
33,0.0003105107338902039,0.3198697946630864,0.002517318782898096,0.18240511172004936
34,0.00030900609160128696,0.3160533344147324,0.0009192796289705887,0.13593827957954005
35,0.00030332780107318494,0.31749992842049646,0.010221115206010066,0.20113134858018167
36,0.00030134429107420146,0.31696068053405546,0.006280560422545442,0.1849740839872691
37,0.0002943533159290942,0.33522516667685553,0.003452554371995995,0.1893215847472028
38,0.00029218840959052055,0.32883633597630346,0.0008864002033638266,0.09487170854772621
39,0.0002866871307980126,0.34224430359521685,0.0009716089026859173,0.13254392989143413
40,0.00028255634690419986,0.34724528859339626,0.001317645911163149,0.17480291434755546
41,0.0002799110381881921,0.3471153705517986,0.004407472729396362,0.17517276230419257
42,0.0002759641446083641,0.3568328767933577,0.0036966142540152827,0.16899299169118295
43,0.0002699903724043487,0.3707591824417481,0.0008976593089755625,0.09787017190308382
44,0.00026776487356983125,0.36760687877256654,0.001374340524377588,0.13120637265963037
45,0.00026373774408756825,0.37007142666460435,0.0013958337233186914,0.14784868720648003
46,0.00025803623877716466,0.38877736435776833,0.001542138184259574,0.15223953170688162
47,0.0002546080879535741,0.38603399438233205,0.011333082981694203,0.18353907127067492
48,0.00024970250132565317,0.40035455312389356,0.0028875321463251915,0.10156688027481398
49,0.000246630972049808,0.40029717319481006,0.00790924858301878,0.17610294312179106
50,0.00024148250668076798,0.41339642840446456,0.006683883687051443,0.17570616342990875
51,0.00023833453339578299,0.4141836612586434,0.001929311471310659,0.15903702072924936
52,0.00023209490385712482,0.4282448540732607,0.011198821710422635,0.18439585836114278
53,0.00022699904142287918,0.44394778425455184,0.004323833138467028,0.1570825798052839
54,0.00022119320447717866,0.4525045467693461,0.007500373024063615,0.18504334244580672
55,0.0002197417259314814,0.45152381716401113,0.009235564547662552,0.18721845094293083
56,0.00021193324657640635,0.4744566068872102,0.0034695578953967644,0.17281249460074932
57,0.00020642540039261803,0.4843457863449911,0.0022801011442565,0.14316748774050092
58,0.0002014595671565845,0.4934685517375464,0.0031897802792417887,0.17488524815570208
59,0.0001988881446707707,0.4960077629163695,0.004865912487730384,0.1831215980347246
60,0.0001925449765761956,0.5182647268248181,0.003372911833978903,0.2056049034906131
61,0.0001861474363697478,0.5316298624063418,0.004545689560472965,0.19771848846125065
62,0.00018279016008958794,0.5387699503313622,0.0016401641814109797,0.15680302579020627
63,0.00017715055806687675,0.5417656766141629,0.004172284388914704,0.19904180408092273
64,0.0001711440390163961,0.5629345495646926,0.006109943989521036,0.21551788951191916
65,0.00016779539761885715,0.5615676662118615,0.0014533714946502675,0.15541190798028573
66,0.0001605898533643295,0.587701369415873,0.003371715129245646,0.2059227405601856
67,0.0001589959776118541,0.5928793200129306,0.0018168747102698455,0.20139287103666453
68,0.00015272639407507645,0.6050092150892386,0.002535717584228573,0.2155891999488343
69,0.00014756020839111163,0.6110343076585123,0.001846813471414722,0.22330207859567847
70,0.00014305941910536674,0.6268713380062805,0.002012064248377171,0.2039615022675772
71,0.0001383000131821833,0.636979382668791,0.001674706156616314,0.22346094417906961
72,0.00013526206468948378,0.6470923181519463,0.0012685110492524332,0.23252612894812813
73,0.00013264731835358991,0.6504913273416946,0.0034073626067346106,0.23492931960592145
74,0.000126595068790126,0.6617578177224926,0.0016623793254928808,0.2550593136481773
75,0.00012313783484457346,0.6722373847028114,0.0014011426157174776,0.22329899675818476
76,0.0001182266776315653,0.687410155088924,0.0018517958255520521,0.2697665101591407
77,0.00011236234142695769,0.6997438988335257,0.0013068214332004292,0.2694821512490027
78,0.00010831184128899343,0.7085331297911748,0.0011660425202885212,0.2847811016720557
79,0.00010539221329963766,0.7136442566550512,0.0018621213384903967,0.30163742538240684
80,0.00010007575894213424,0.7299939943765683,0.001074072701158002,0.2807192807615922
81,9.834609115317177e-05,0.7329360291651492,0.0012403746457913746,0.3483093701042128
82,9.597584077989898e-05,0.7402700134951649,0.0014885462923512722,0.3185660638505064
83,9.220639073576492e-05,0.7528348141427613,0.0010522783984645056,0.34296632701650265
84,8.8412858391306e-05,0.7620234504529163,0.0011660802254202561,0.3327220364367405
85,8.308044981766635e-05,0.7740648577318932,0.0011062848744376635,0.36221763677973134
86,8.043091544935193e-05,0.7819943632990337,0.001203699635180573,0.3747945593381277
87,7.922460253422077e-05,0.7871567158652711,0.0010788383951876312,0.3884626495961738
88,7.777564063032444e-05,0.7856194504371002,0.0010931136225386022,0.4142022961465621
89,7.14735365013789e-05,0.8028923798504611,0.00100271151929449,0.4225860209352256
90,7.103196702910982e-05,0.802593061578215,0.001089182780840649,0.4339873185004089
91,6.992815794476953e-05,0.811006844922053,0.000982345762447669,0.455412012539525
92,6.677214612584346e-05,0.818881215330329,0.0010790461002705763,0.4893672604661813
93,6.401900156141401e-05,0.8204138886133321,0.0007967495520670826,0.5068700783083613
94,6.410052027114524e-05,0.8237550542940029,0.0010880614706995683,0.4678868850471456
95,6.013990045735577e-05,0.8268883658821358,0.0009139208391738626,0.49034475236983727
96,5.8344649844982014e-05,0.8337756978449907,0.000767222113119295,0.5093240993469055
97,5.7561083359849785e-05,0.8387273300626846,0.0008037904761015222,0.5224952994779849
98,5.4492693100026095e-05,0.8485058384642089,0.0010904510518929993,0.5101291192088084
99,5.291949547916794e-05,0.8538024131164672,0.0008081396887204251,0.5233734642497114
100,5.154991525229819e-05,0.859419632183588,0.0006970188517768222,0.5102055011800473
101,4.8987320461982075e-05,0.8612777492668233,0.0007762886637535233,0.5659667286072934
102,4.80338283243607e-05,0.8670385625821135,0.0010379606168358945,0.5755917907487486
103,4.652398540481674e-05,0.8769407116588829,0.0007387366752552155,0.5567115457782641
104,4.676378011936322e-05,0.8674232716425926,0.0006979501799483282,0.5703562038328528
105,4.3506665721137186e-05,0.8809189034101461,0.0007415647403551982,0.5696194965450861
106,4.307208473619539e-05,0.8821111558065778,0.0006751943258747745,0.5751067996563568
107,4.319953054968769e-05,0.8771430211377991,0.000797162693253575,0.6130562878741891
108,4.234995832610786e-05,0.8812741683802188,0.0007285611964806986,0.5913145131098578
109,3.974019063417263e-05,0.8903079858968153,0.0006707356240860043,0.6418338748931245
110,3.743590227364061e-05,0.8948260410413517,0.0006625308373119109,0.5889002207690861
111,3.955570900870953e-05,0.8851873225058777,0.0006671253493270621,0.595326464422577
112,3.895515566490268e-05,0.8910319981820388,0.0006903459059405857,0.6078127210810336
113,3.6266691495256964e-05,0.9001346164415073,0.0006643807584903418,0.6336000764005104
114,3.47575942214462e-05,0.899227478346887,0.0006452792020774303,0.6441127195156715
115,3.4213538058863305e-05,0.9024181715509202,0.0008492705036097994,0.6866106456193919
116,3.445324847024704e-05,0.8992124716057851,0.0006104706352254233,0.6703159986018028
117,3.344037556346918e-05,0.9025628095723105,0.0006936999606505896,0.6907362359185126
118,3.085090002759198e-05,0.9163848850394039,0.0007071364771735927,0.6688860881600512
119,3.1047397267404726e-05,0.9134575332240836,0.000686618818480593,0.6788247786625126
120,3.049675223547428e-05,0.915810754520277,0.0006230207251904246,0.6848964871293668
121,2.9641843796595753e-05,0.9163258611440022,0.0006909572291008842,0.6898578002056304
122,2.8868445427248775e-05,0.9182716464947871,0.0005786735038362587,0.6908278529435411
123,2.960545834167323e-05,0.9136834529175631,0.0006042785227271871,0.6708125691464814
124,2.9853503432465143e-05,0.9168566376898617,0.0005778211433118066,0.679461750841998
125,2.7039710752992854e-05,0.9264035718531566,0.000586304773325817,0.7031111099966468
126,2.6603665131775553e-05,0.9204644683757236,0.0005644298989164571,0.7056460866562803
127,2.674715086378945e-05,0.9220741217763694,0.0006668759787526841,0.7001256672070165
128,2.570492712878219e-05,0.9298542620748221,0.0006110795886622957,0.7216546077737559
129,2.615131485911731e-05,0.9272066218637698,0.0005895777475626136,0.7011096524157996
130,2.4704332295536566e-05,0.926078089366241,0.0005854773402321511,0.7018707269846097
131,2.4086245223141024e-05,0.9283271880980242,0.000522297921214396,0.7125607460276393
132,2.2931934101786912e-05,0.9333308919768499,0.0004767712285124267,0.7137845490132217
133,2.3581945872417866e-05,0.9336309339280895,0.0005350611693127296,0.7449817381140338
134,2.3108238320464108e-05,0.9308453727456386,0.0005409451147827965,0.746973147571133
135,2.357070815588276e-05,0.9334931779100178,0.0005323692247867046,0.7160410277156066
136,2.2505013860679286e-05,0.9336592679188688,0.0006231595263950742,0.735060408112383
137,2.2089791645367557e-05,0.9372095928847084,0.0006132129072704209,0.733981859201369
138,2.0909039833965766e-05,0.9369609951674265,0.0005749118572566658,0.742421655250327
139,2.168314865859709e-05,0.9373913239448224,0.0004906502217636444,0.7639547663320396
140,2.1712794827740603e-05,0.9382246247811091,0.0005479036162096935,0.7632116766873402
141,2.1466571664719733e-05,0.937329612055597,0.0004977832465486315,0.7500100906115333
142,2.1928187309710596e-05,0.9377828517711186,0.0005469480809272052,0.7136047494313297
143,2.1644186325339924e-05,0.9356298258534435,0.0005880015770134588,0.7732028960645958
144,2.0229889007448666e-05,0.9422908277581625,0.0005067670121766591,0.7750423832815476
145,2.0717718458539682e-05,0.939660829598092,0.0005599391420568841,0.7403687223082053
146,2.086701820539579e-05,0.9411048867344617,0.0005167979436989229,0.7444972221210606
147,1.8257902201394943e-05,0.9511193820042193,0.00046058224380920786,0.7895688468634822
148,1.746618136166944e-05,0.9501578516553335,0.00045686159053450235,0.8017648732636565
149,1.8135031181233128e-05,0.9459004003217615,0.0004495194037959803,0.7731715957175324
150,1.82067762510157e-05,0.9462464918586192,0.00044560419421311683,0.7809140228665773
151,1.842071490570491e-05,0.9453489594852472,0.00042692645687426335,0.7708903617602849
152,1.739531234516807e-05,0.9488870931645381,0.000465834711716385,0.7715047008106792
153,1.767967160049011e-05,0.94668049087866,0.00047004694407895353,0.7756210018231761
154,1.661300736416776e-05,0.9536354464772268,0.0004279835380797382,0.7634069187487168
155,1.6947001243422095e-05,0.9512310601898242,0.00045240765743633697,0.7891622305179363
156,1.5277988670557254e-05,0.9559227785765578,0.0004287966134702751,0.7769685622435417
157,1.6169767569898304e-05,0.9531397287120622,0.00040638199453286897,0.7926332252053433
158,1.5913064999040216e-05,0.9512189304558274,0.000427022940129973,0.7941981097002385
159,1.6014465787660672e-05,0.9518857464014062,0.00045833568331615353,0.7893498265229942
160,1.441417858726569e-05,0.9583383386620473,0.0004247006202674059,0.7883307245941334
161,1.3694127644087599e-05,0.9589748850434234,0.00040281467213040183,0.8044236252422141
162,1.4194944679519931e-05,0.9600150836178594,0.00040623067658228905,0.7810322440285322
163,1.44258705264432e-05,0.9569456609153295,0.0004738600174068079,0.7843901166320025
164,1.4287395760430418e-05,0.9599891185056452,0.00043550747945503716,0.7881735389077755
165,1.4575557718042266e-05,0.9576382579293773,0.0003715605335645915,0.8039430172106871
166,1.3510753345914194e-05,0.961314436217093,0.00040775956201217085,0.805963814575007
167,1.3502748218413148e-05,0.9623730281270599,0.00048121143061927374,0.8247625619871081
168,1.3813651688766326e-05,0.9584024194566632,0.0003771460698221045,0.7815132402440942
169,1.2469849777447122e-05,0.9620742330315465,0.00041585627169874546,0.8085426706478501
170,1.3703465845957488e-05,0.9569535655611118,0.00037044871686913003,0.8122325378941648
171,1.2553926633420186e-05,0.9640820967394528,0.0003779234700162376,0.8182923336997715
172,1.3505655925445562e-05,0.9622477473320082,0.0003669688104799626,0.8158812889548785
173,1.2978280437891954e-05,0.959729479230573,0.00036366339218847524,0.8083088211202616
174,1.332958061958869e-05,0.9620693687325953,0.0004297653804314905,0.8326142779572578
175,1.213653642760339e-05,0.965011458009238,0.00036680232081537796,0.8363911363114246
176,1.2953606686166426e-05,0.9611231949003574,0.00037569826785189577,0.8156102235027078
177,1.2788185848386582e-05,0.9607717972604792,0.0003585535187784654,0.823716129503896
178,1.2259321762870128e-05,0.9646446261938568,0.00041450299249845557,0.8312217882720536
179,1.329329594367524e-05,0.9623535912070863,0.00033328456434079414,0.8281800122580315
180,1.3356897817664923e-05,0.9616247990052857,0.000354683059238316,0.8178741427831926
181,1.2769616695060484e-05,0.9610160499516418,0.00043313166973418376,0.7911049678712296
182,1.1836177516390588e-05,0.9673891805283444,0.00035094820654754026,0.8218063166392794
183,1.1511765828450174e-05,0.9675444815944871,0.000388771972491388,0.8130338250815702
184,1.127195771634713e-05,0.9638823745155635,0.0003496127901598811,0.8395671177984302
185,1.0757692140172227e-05,0.9681923555722972,0.0003827727739812522,0.8493646501318265
186,1.210616056386453e-05,0.9630167028379483,0.0003553678344237946,0.8271331525766055
187,1.145335335632598e-05,0.9654887355503052,0.00031836645533845655,0.8356951904101229
188,1.1504555511867064e-05,0.9657797543789328,0.00038757443333172257,0.824596914790807
189,1.1320979305869863e-05,0.9660536350483307,0.00036971446192742756,0.838783236783847
190,1.0668072097639826e-05,0.9699141016663384,0.000327425702450385,0.8527172991983041
191,1.1816592474972891e-05,0.9654944142211499,0.0003343839839544671,0.8374794192033718
192,1.2081758086424088e-05,0.9659543104767679,0.00040405335444295185,0.8331935134975426
193,1.2018834625520798e-05,0.9648533836087174,0.00037288470352555474,0.8463484313047359
194,1.0459433934346844e-05,0.9677850091665665,0.0004626138362045122,0.8337139842138925
195,1.0741236180295415e-05,0.9679118651665873,0.0003319802022255877,0.8478368873105062
196,1.0290072291004784e-05,0.9669900354185272,0.00038211827840611406,0.849870322518648
197,1.021168887186482e-05,0.9683938414696527,0.00031142877724750387,0.8445674860454753
198,9.932671463712513e-06,0.9700204977935343,0.00040371014046496176,0.8532362190072422
199,9.7223740235327e-06,0.9720492036070519,0.0003611296173613272,0.8332194002769823
200,9.750609513922916e-06,0.9700284415670448,0.00033970958283519465,0.8437792140287267
201,9.418485205969773e-06,0.9720486403547083,0.00036034786006229505,0.859220028924671
202,1.0474362109282363e-05,0.9697068611364976,0.0003779769666345181,0.8372256283525605
203,9.332302362543907e-06,0.9713609795636706,0.00035690523894188047,0.8295619319244273
204,9.283330288011572e-06,0.9716140700955926,0.0003350979102903623,0.8538707077199414
205,8.329574440652392e-06,0.9761528873949062,0.0003377669824413505,0.8285601738663609
206,7.968342165790651e-06,0.9765586669569112,0.00030979828607349613,0.8609012690631067
207,8.663391169578132e-06,0.9723838088622015,0.0003368615325598512,0.8562308498966973
208,9.529306803065432e-06,0.9709852287074596,0.0003688912663094995,0.8681361000069672
209,1.0217526061331648e-05,0.9694752149315634,0.00031011002528530824,0.835203261919029
210,9.441894795040404e-06,0.9703110845091799,0.0002950659393088874,0.8605674112530546
211,9.765242024374087e-06,0.9706990417813437,0.0003416392314298159,0.8365166202433619
212,9.443991530133644e-06,0.9714146066281025,0.0003065612594202076,0.8525084152229667
213,9.518875913272495e-06,0.9724038823051238,0.00035590715784704883,0.8441224080446748
214,1.0022302691280716e-05,0.969368658097529,0.00034151803965169866,0.8556035637246153
215,8.768156948672886e-06,0.9727031826614673,0.0003258710565450411,0.8676204095075556
216,8.433446798615198e-06,0.9753818454851166,0.0003231047342594068,0.8494811702525369
217,8.504100431029936e-06,0.9745915260406416,0.0003256454646659152,0.8654130838052516
218,7.685976540345178e-06,0.9768168097952936,0.00033726800130842515,0.8540373537499047
219,7.62180354740849e-06,0.976806348298482,0.0003043400573163196,0.843312064942158
220,8.11700347360154e-06,0.9752833798113207,0.000360435481595162,0.8659042222018601
221,8.834505601603618e-06,0.9761339809565646,0.0002896722302676398,0.8637317361749018
222,7.682158927589346e-06,0.9762763683052971,0.0003168347039202392,0.8751713286779375
223,6.780968393426379e-06,0.9796207435719348,0.0002993490148023389,0.8650975053432993
224,6.617972408443725e-06,0.9793464999799146,0.0002976947283828989,0.8802949797953775
225,6.7267546473186276e-06,0.9769668012417129,0.00028674250893892316,0.8775191856122881
226,7.353201812503147e-06,0.9772564859641601,0.0002890245565980037,0.8611191571438858
227,7.269835027028211e-06,0.9773532780823361,0.00033057869446705666,0.8865332047796907
228,7.805948406222831e-06,0.9770929235013311,0.0002875346897413832,0.8576792205434731
229,8.232618693700015e-06,0.97432619227917,0.0002957287041541489,0.8743680695744378
230,7.851045088850347e-06,0.9767069315917802,0.00029669476961439263,0.8614657276387427
231,7.281871035047516e-06,0.9780336044685733,0.00032431461452211773,0.8843232681354676
232,7.4255700173335545e-06,0.9780037945229793,0.00032271475131787715,0.8828683129258827
233,6.6827763108589215e-06,0.9794893729494464,0.0002780383634090483,0.8786805359590069
234,7.66101571186412e-06,0.9753107791951087,0.0002890620701411815,0.8888749617311864
235,7.792952426545806e-06,0.9784014655238719,0.0002538410352643111,0.8705883374868486
236,7.214659481528192e-06,0.9761889411695903,0.00028418415531807393,0.8707447828828473
237,6.55709920220733e-06,0.979504003999491,0.00028880154563309517,0.8601451608374369
238,7.670733723968555e-06,0.976492165450497,0.00028514588774879277,0.8647048081193933
239,6.74954807996423e-06,0.9795869333457846,0.0002805601143511292,0.8618756629307978
240,7.071624290452187e-06,0.9778286747797927,0.0002831973074885005,0.8937923551909547
241,6.5890373417250185e-06,0.9792282933448354,0.00026318423827940653,0.8590012162179256
242,6.0713642037276605e-06,0.9823712765229816,0.0002545489363071213,0.8835835826245153
243,5.625158634687138e-06,0.9812917376818031,0.0002553365465368748,0.8789330334437226
244,6.224710047648002e-06,0.9797675784406058,0.0002567184054084438,0.8795798591933585
245,6.208699311663133e-06,0.9804320069129222,0.00036781888617007586,0.9212675503564725
246,5.780610081274062e-06,0.9823528561994562,0.00029078813612780043,0.8828019305594936
247,6.551063209441893e-06,0.9779748933893567,0.00026398577070424906,0.8904779153357048
248,6.711151303744163e-06,0.9787329706880611,0.00028833213223195415,0.8989944538686803
249,6.634316281843684e-06,0.9799373981070753,0.00026538805457439944,0.8741610761040064
250,6.796142612914152e-06,0.9768551738164253,0.00026846397271531084,0.9065379938853659
251,7.061597907173004e-06,0.9781111989284218,0.00027770496616050456,0.8736194785955403
252,6.5601485193138405e-06,0.9796237591334613,0.00025021451401349064,0.8873058802382994
253,6.489893560403569e-06,0.9794468653157714,0.00024089803315081765,0.898773905765091
254,6.665651295196977e-06,0.9814642726203918,0.00025516604852362856,0.8897642436429908
255,5.5628808625512575e-06,0.9812751309160702,0.0002734720066574535,0.9000294942624775
256,6.5112437998602845e-06,0.9785913259050601,0.00022775450028251937,0.9031324638981928
257,6.356598406070519e-06,0.9799168381587514,0.00026652832882016005,0.8802618691673406
258,6.2993746304038304e-06,0.979093839962231,0.00024573909587825957,0.8815075165151355
259,5.7208432709698036e-06,0.982115208636199,0.0002610696588050132,0.8966814074219958
260,4.957482325642979e-06,0.9835250692966665,0.0002503080124059719,0.9088775655355488
261,5.005177207259783e-06,0.9832545635550949,0.00025850309971094,0.8906713750305842
262,4.9496158304953915e-06,0.9829208679936069,0.00025660197625344296,0.8931268025142727
263,5.148260793948094e-06,0.9840903975332622,0.0002550702416761816,0.8872007025956129
264,5.542934585579273e-06,0.9815500646749149,0.0002469245589268737,0.8879480758976706
265,6.111902603851587e-06,0.980091845061094,0.0002566175175830337,0.8841144942260849
266,5.879883386884243e-06,0.9819226998599417,0.00024175983261242296,0.8861652302256238
267,5.9965052602050355e-06,0.9804820748733144,0.00024467691808392435,0.9102106005270123
268,5.132113419501995e-06,0.984538103928672,0.00024898987824210157,0.9254037764436143
269,4.622515282685176e-06,0.9849092673705088,0.00024735274292508023,0.8848526129059445
270,5.284723587150298e-06,0.9803877998990209,0.0002498299783593001,0.9132622959407934
271,4.8678191302105215e-06,0.9829064921188693,0.00024160781104635239,0.8861403037935672
272,4.840203871481208e-06,0.9842787916796065,0.0002205080946818218,0.9026483064297022
273,4.588315885729781e-06,0.984251587090917,0.0002442038975122894,0.882309087593329
274,4.8385841095156275e-06,0.9821836274178933,0.00020648843397234136,0.8950883045692978
275,4.936983368854551e-06,0.9845274974746421,0.0002753002941445332,0.8791311673284912
276,5.640253658174725e-06,0.9820073214481548,0.0002443309162644552,0.9191006607950131
277,4.646249858699146e-06,0.9845220186804545,0.00023034773988793125,0.8878217120350412
278,4.556245615871236e-06,0.9868781359620359,0.0002342602878903003,0.8924851007501461
279,4.7810955790667394e-06,0.9848035868765367,0.00021945675986938357,0.8927736740888326
280,4.052131080593076e-06,0.9880386978652432,0.00022183806574870547,0.9034109681706385
281,4.810174988716216e-06,0.9843815627702678,0.0002483253603687584,0.8899381184633183
282,4.837069643424631e-06,0.9838042453354163,0.00021832205412190082,0.9111229880386684
283,4.496449675501096e-06,0.9838831621337505,0.00025493178304276834,0.8931850805081869
284,4.354164939986032e-06,0.9854068153943678,0.00024207802073524713,0.9034089444049072
285,3.937887522799709e-06,0.9852687697513549,0.0001970873369684293,0.9115307577683768
286,3.6961573248215873e-06,0.986458920982352,0.00022193754323314335,0.9046595066769452
287,3.966462482087361e-06,0.9864152011384802,0.00021886376244331437,0.8856738360231307
288,3.967224909746829e-06,0.9864256443786921,0.00019179765258123474,0.9196449050927219
289,3.6475322618711148e-06,0.9873344263675137,0.00019735413409681913,0.9045961475226848
290,3.576550756616388e-06,0.9879881947269639,0.00020147587648558293,0.9247929377504198
291,3.263732371404051e-06,0.9874735105124337,0.0002235157074608196,0.9062629256583858
292,3.5807473925440436e-06,0.9876857661178046,0.0002946064188329263,0.9193855695509191
293,3.687123469175136e-06,0.9882848639265318,0.00022868640005723452,0.9037294594070665
294,3.500751684161794e-06,0.9878557717897962,0.0002532829951056816,0.9036199176438889
295,3.6333776143657396e-06,0.9874492853536666,0.00024127156536397803,0.9050021226370262
296,3.461771130402597e-06,0.9879985430036649,0.00022287999302150752,0.8924818766590144
297,3.6570236501959767e-06,0.9881291149446677,0.00023118164269238134,0.9304854389919751
298,3.6761273787096097e-06,0.9881973292636868,0.00021190088309671533,0.9341818928858078
299,3.3586997137018234e-06,0.9889966991006679,0.00025900461555258185,0.9092172353931189
300,3.32347602457398e-06,0.9867068571952391,0.00021615762297135286,0.9257939180346437
301,3.5460802485851254e-06,0.9887190719942553,0.0002202670379045475,0.9289886333108327
302,3.520851162892751e-06,0.9879210134067176,0.00019113049427888794,0.9182698912481863
303,3.428945413693677e-06,0.9875189138813754,0.0001788224349946487,0.9189876706371934
304,3.0099560450917825e-06,0.9899123338126248,0.000159974595019955,0.9235421640634933
305,3.3892782592094872e-06,0.9883990875149333,0.0001985134477564543,0.8995500797749354
306,3.4564836146098687e-06,0.9864825917200399,0.00021998424409621118,0.8846545589483514
307,3.4459860977711705e-06,0.9885769046679015,0.0002021281244795913,0.9153725730852875
308,3.1061830878360734e-06,0.9888301154519159,0.00021092292543410342,0.9082816456377111
309,3.1541359117699567e-06,0.9900203313469714,0.00018592336835555355,0.9271671179560634
310,2.7292714916117034e-06,0.9908852596807743,0.00019482175828609518,0.9070850353266745
311,2.771275299769863e-06,0.9902166861840944,0.00019653515191956435,0.9223870090500957
312,2.8468142283180405e-06,0.9888092585072622,0.00018017400585370943,0.9174983349343387
313,2.8708838022759246e-06,0.9892306215474943,0.00018654151577571007,0.9168601133691061
314,2.7800689657362036e-06,0.9904902218916797,0.00018363945819671173,0.9255825252851544
315,3.273897181525871e-06,0.9880015781293241,0.00019616275568906232,0.9047776113863472
316,3.279127357612966e-06,0.9897148954708103,0.0001773183997948116,0.9099261882421542
317,2.9917688445598637e-06,0.9893763232293259,0.0002338996133007553,0.8954996709302541
318,3.5387672093852766e-06,0.9898188720581231,0.0002058679063075339,0.9232512584245788
319,3.21007116956305e-06,0.988362672790116,0.00017644480477886103,0.9195383931556815
320,3.0495872701626818e-06,0.9893284223466201,0.00019855224734754984,0.9150612347748516
321,3.195265323851205e-06,0.9879076404172391,0.00018655835659668713,0.9372863276824746
322,2.494571790433698e-06,0.991605190495477,0.00018727513383418263,0.9112260751393948
323,2.5861094959859306e-06,0.990314332804674,0.00019849336207236398,0.905637924364047
324,2.8549204758886704e-06,0.9891080160415175,0.00017320671880056876,0.9192639551988205
325,3.25993594375317e-06,0.9886744567232092,0.0002100882077120157,0.9011822442045243
326,2.8967204807136463e-06,0.990250086524157,0.0001898413142379459,0.9094035243186295
327,2.8171241913591634e-06,0.9894597007007543,0.000183816477910061,0.918752227802685
328,2.639460284661674e-06,0.9900096886052595,0.00020796784446156598,0.9182510277467231
329,2.6050119244630946e-06,0.9907984367546145,0.0002030972097804861,0.9087654451178999
330,2.5591044163775223e-06,0.9894573269474277,0.00019808206937564312,0.9254783204339847
331,2.5975789062963136e-06,0.9892113716030337,0.00017395920511266747,0.9241692633580812
332,2.4361902061487995e-06,0.9908412618148019,0.00018411384202465797,0.9206304027003996
333,2.4776742993008856e-06,0.9920077953421634,0.00022292982901338777,0.9207139870474937
334,2.51592155328021e-06,0.9908232446959389,0.0001724357184020693,0.9240339422076842
335,2.208861550693305e-06,0.9910493736668632,0.000160265138568423,0.9389110783085918
336,2.2244097627103306e-06,0.9911243494972227,0.00016713593507589053,0.9370197926244773
337,2.316049310899451e-06,0.9913714243546947,0.00018104102973655228,0.9194636732734126
338,2.574880605484745e-06,0.9911056594455955,0.0001926806189655504,0.9248780442669333
339,2.567801468208367e-06,0.9902221706062737,0.00016942878148619764,0.9211165214524158
340,2.3259011597404492e-06,0.9912652921539025,0.0001964128968664406,0.9206481660779904
341,2.3355905500903436e-06,0.9908993229153709,0.00018864372511803943,0.9270633657933801
342,2.1404543997067985e-06,0.9922409108893949,0.0001983138677929584,0.9147692729226503
343,2.5116986469478993e-06,0.990959722075006,0.00019291328956983788,0.9099074745514362
344,2.633133721456733e-06,0.9905062898292936,0.00019451360270640914,0.9221506162243254
345,2.5575588132107023e-06,0.9907637787303637,0.00019484937961504573,0.9219797328194548
346,2.64206958779421e-06,0.9901830364538965,0.0001710548207335832,0.9251774041543084
347,2.174338484031488e-06,0.9921678309203041,0.00023490096179684244,0.9505996403509124
348,2.0443329403336134e-06,0.9925645140569543,0.0001837376832298787,0.9358127865902351
349,2.021264884013782e-06,0.992740684579529,0.00018855204474199638,0.9436538571763536
350,2.4110410466759136e-06,0.9909011373259595,0.00017446988393579396,0.9204455721335255
351,2.0158096342234226e-06,0.9931954841669369,0.0001909517076292662,0.9148884400908714
352,1.8795244362588794e-06,0.9924968008122784,0.000181403049636217,0.921373139516007
353,1.8750105211368534e-06,0.9920305734281027,0.00018245605839845453,0.9381301694839121
354,2.167987003732518e-06,0.9923416549869343,0.00017788534110751132,0.9174197740115725
355,2.175133271993428e-06,0.9908001751416763,0.00017252911830676856,0.9231857944720984
356,2.0403082994737187e-06,0.9922450784157306,0.00020355789324147174,0.954548740055333
357,1.8924819580836181e-06,0.991763317657392,0.00018597121298405192,0.9325176675057623
358,1.872272493896022e-06,0.9924547205595812,0.00018612512832852154,0.9381190804506383
359,2.0396184455561383e-06,0.9919729108237323,0.00016883901237203685,0.9316603138148559
360,1.9897941231105365e-06,0.9923782322345043,0.00017477924583435384,0.9387324330925649
361,1.943367293550252e-06,0.9920107587606259,0.00013524667476589187,0.9577580932355858
362,2.2793297314540095e-06,0.9911099112437428,0.00018353663753136227,0.911510910090649
363,1.9714138150998924e-06,0.991722595065019,0.00015348965179794706,0.9428153653962005
364,1.6998767193854292e-06,0.9929121823298312,0.00015853374738142087,0.9380135840490842
365,2.001827084541219e-06,0.9915188282526922,0.00014221691240000868,0.9331054111727217
366,1.9735843728505224e-06,0.9917844737398192,0.00017953156076615346,0.926161046528897
367,1.970015764330723e-06,0.9917902731399363,0.00015419745017416413,0.9446888599574144
368,1.8396783725795383e-06,0.9922274557928722,0.00016830911379054432,0.9282144967234861
369,1.7603361968099307e-06,0.9922312103998756,0.00018014890869216387,0.9336943790160892
370,1.8599395347634456e-06,0.9922187474814201,0.00017689447531863924,0.9209091678345883
371,2.139410638663391e-06,0.9909269061442397,0.00018212391619596083,0.9289459417570535
372,1.994614935850992e-06,0.9918169014102504,0.00017239026362660435,0.9285313511840919
373,1.7556718991438804e-06,0.9928111961272699,0.00017882063687060587,0.926282548318758
374,1.8623134132247708e-06,0.9931898010105739,0.00013845586695829034,0.938389836927737
375,1.8839560311789683e-06,0.992535842688365,0.0001733078849777478,0.933374697744529
376,1.8878573141679367e-06,0.9920937797894348,0.00014267403120449274,0.9324848826167906
377,1.9938113967354043e-06,0.9920647576530826,0.00017643464290864394,0.9383978471702419
378,1.6970758276959084e-06,0.9928856531979737,0.00018608698107256918,0.9466531345871599
379,1.8337991441250358e-06,0.9929698304760636,0.00015314974350108749,0.9278821107552045
380,1.8153889162529315e-06,0.9937857511780267,0.0001751963090224415,0.9313332796997825
381,1.5727719860828634e-06,0.9937322221911173,0.00017197152713032383,0.9420815679058011
382,1.5705528583636735e-06,0.9934621183837025,0.00019093044710115893,0.943618202968695
383,1.6984610395044142e-06,0.9929623108248695,0.0001509229723551856,0.9304017702547084
384,1.7013727365075772e-06,0.9919319743555275,0.0001394499889130976,0.944378692278367
385,1.7359126944099373e-06,0.9930916574679731,0.00014271119138793592,0.9383208897319544
386,1.6504017183321523e-06,0.9939194690577314,0.00013069971950718795,0.9458727211524096
387,1.6123752321671138e-06,0.9937416180283977,0.0001613997927470369,0.9340364668818045
388,1.7359623952345898e-06,0.993010654856412,0.00014537328797240652,0.9594207195803298
389,1.6943437783057702e-06,0.9936656831700377,0.0001300907300357214,0.9375771835634025
390,1.6853277859769814e-06,0.993177948308159,0.00013354189612292143,0.9387627811985045
391,1.630331795992718e-06,0.9938983213740907,0.00014150175296256097,0.9615001686590896
392,1.3933990694261831e-06,0.994761023159094,0.00014544124819966425,0.9571994887306617
393,1.5205501481519745e-06,0.9926192114265828,0.00015169070628525598,0.9702595674158102
394,1.4698132002439916e-06,0.9936468388913,0.00017455969934649247,0.9618146268425302
395,1.4776232952420707e-06,0.9938596006759866,0.00014529787271833072,0.9584661744313683
396,1.5279125766308146e-06,0.9940972892293221,0.00014546715785483772,0.9422548756142232
397,1.5886812685896355e-06,0.993723063779007,0.00015049771471237634,0.9400384792449423
398,1.4413108906716423e-06,0.9930453512175733,0.00014111811803921078,0.9416226131505835
399,1.5040154874686077e-06,0.9942904423644537,0.00013285311146714863,0.9431355511375407
400,1.3727653418107786e-06,0.994601095575098,0.0001278964977078527,0.9483189742639134
401,1.5091211480466882e-06,0.9937559263253934,0.0001298728692580981,0.9438173390601571
402,1.5025227292780457e-06,0.9925290459418725,0.00012675478399262538,0.9465340405545112
403,1.542748978959725e-06,0.9938678529896706,0.0001482274999934961,0.9599698812768391
404,1.6891187700506494e-06,0.9940274146461688,0.00012968476845560855,0.9417830190519669
405,1.508388708843383e-06,0.9941501780408929,0.00012129913959388553,0.9462449058054481
406,1.611688302406177e-06,0.9938416837352724,0.00012725307547574344,0.9434704404112819
407,1.4157944183177908e-06,0.9938951952365251,0.0001536397483549424,0.9398645203105852
408,1.433158878136545e-06,0.994739888500709,0.00013823322825382651,0.9481850157299484
409,1.7081347908086941e-06,0.993180922072599,0.00013311996357617389,0.9430278422842464
410,1.4474347742940643e-06,0.9933825658080038,0.00012198998480200247,0.9423542780197238
411,1.3837678785386322e-06,0.9943270670207844,0.00014105530595027898,0.939651236625498
412,1.4214986012899108e-06,0.9937567554569393,0.00012743208009169393,0.939802080958742
413,1.5806994441574645e-06,0.9938763453730229,0.0001154263228141298,0.9442631420084915
414,1.3003482778755754e-06,0.9950067346694079,0.00014524421276431208,0.941883596645703
415,1.4807036679852758e-06,0.9942930571150465,0.00011568719724647663,0.9491254288862216
416,1.4322478300790374e-06,0.9931433676204104,0.00012541642534755418,0.9457622144702085
417,1.2549649524701706e-06,0.9952867198000832,0.0001216664197022633,0.9437230347171031
418,1.2417440084041468e-06,0.9948753854867309,0.00013398183680875147,0.9413061350836815
419,1.0930052634596275e-06,0.996281312015156,0.00013188321274075593,0.9424105535410597
420,1.349487388433947e-06,0.9947981750172679,0.0001466873193793905,0.9391663125260631
421,1.1784691945028778e-06,0.9947600323259629,0.00013546148052584044,0.9326271619049672
422,1.149068421678014e-06,0.9964512208849391,0.0001298010585006209,0.9410347905050279
423,1.2740291455661288e-06,0.9948940583411013,0.00013363100167529396,0.9415211494316486
424,1.4026184576192254e-06,0.9944559226901364,0.0001315657890350426,0.9408934423078553
425,1.4910276298416227e-06,0.9946357212019508,0.00012253679471927972,0.9462839350351181
426,1.2782306077186745e-06,0.994987832139993,0.00012877010409908005,0.948257173469905
427,1.1831283691558033e-06,0.9954503077060621,0.00012319658229274457,0.9466922075465433
428,1.2389623702364797e-06,0.9952163852533028,0.00011467083824245883,0.9474093941764715
429,1.2337720807391424e-06,0.9950782510962941,0.00014131368516440574,0.9275167176189858
430,1.2691932723258176e-06,0.9946809037739175,0.000138030121126368,0.9405791525915987
431,1.136984846101978e-06,0.9951797867188333,0.0001390921894275707,0.9473303096079317
432,1.4646946012292644e-06,0.9949764512151769,0.0001402712872891407,0.9447395468071342
433,1.1798732488115932e-06,0.9956556235805295,0.00014542868225355152,0.9411053954118663
434,1.2648184757324543e-06,0.9954955060397553,0.00011946563655484965,0.9463464848023057
435,1.1649018045563234e-06,0.9953687464183888,0.00013051104721029105,0.9395050957239666
436,1.03651756442848e-06,0.9957148647353365,0.0001261766208229094,0.9495470042989661
437,1.1221219722301612e-06,0.9950342518601268,0.00013627117707387242,0.9484252361562538
438,1.1751844488991571e-06,0.9946817788090153,0.00013404842460683033,0.9475553630075589
439,1.1799194313565608e-06,0.9954006798162595,0.000118133897649048,0.9473673958986212
440,1.28336132503976e-06,0.9951095190243598,0.00015293304339603075,0.9353396489252087
441,1.134987559389891e-06,0.995686952231308,0.00013557759372721906,0.9448640502264287
442,1.2254555496855783e-06,0.9938378576393744,0.00013374720952257052,0.9508999848082607
443,1.27631438682731e-06,0.9950429312873875,0.00013295407417846815,0.9423209012508037
444,1.1525061572443135e-06,0.9956244888713369,0.00012032016966134762,0.9551469758053573
445,1.0458461723317214e-06,0.9951625134562229,0.00012791672585350694,0.9481579665955859
446,1.2137040637473826e-06,0.9953199283818148,0.00011638988495296013,0.9579996528380602
447,1.0629692911178468e-06,0.995563986402173,0.00013019591864807175,0.9501599200240777
448,1.290135951028158e-06,0.9951858411196919,0.0001565453271293102,0.9428723021388946
449,1.063457016396814e-06,0.9959906397313225,0.00012293710980869877,0.9502008758191374
450,1.1258525683698595e-06,0.9953840084791554,0.00012318276897528034,0.94209935765865
451,1.076912323965801e-06,0.996473777241676,0.00013156071381650655,0.9456178708115655
452,1.0899069199974922e-06,0.9955364116943091,0.00012962256343194658,0.93902812332386
453,1.1118537054463e-06,0.9951028333489597,0.00013690789722722648,0.9410950654259407
454,1.1343622935337057e-06,0.9954463910033413,0.00012467413828937552,0.9507608068879657
455,1.3218023339115566e-06,0.9946934516603995,0.00013786104784886997,0.949943794488071
456,1.0272928449786343e-06,0.9953496173637687,0.0001313089425205924,0.9488221285082671
457,1.1093697338537822e-06,0.9961465030275446,0.00013429306074774772,0.9481385486428928
458,1.2356213857217951e-06,0.9948548476545185,0.0001209381964833402,0.9515230666276338
459,1.1172716000920411e-06,0.9958925441670582,0.00013847830706840232,0.9466410241405463
460,1.232363623798322e-06,0.9956833480367495,0.00013414270620281367,0.9491037871105696
461,1.2059201342122624e-06,0.9951505945003458,0.00013300203973361983,0.9464791578795106
462,1.0155442156955219e-06,0.9958224104055454,0.00012585783386853677,0.9468452208332704
463,1.068858325608674e-06,0.9961394439931592,0.00012361658755579195,0.9432045417036012
464,1.0392271489168847e-06,0.9954734571942988,0.0001190673036841958,0.9508708896498912
465,1.142696349577276e-06,0.9950246923509932,0.00012974440974758202,0.9424205734702678
466,1.0368261758213312e-06,0.9954566701909814,0.00012335382622904372,0.9424316106301703
467,1.1732300530061716e-06,0.9952446567554021,0.00013524969056478452,0.9395084753166886
468,1.0635496766352703e-06,0.9951556464814788,0.00014017735062761444,0.9337056543461707
469,1.1070535438106022e-06,0.9954793162730676,0.00011313749704832378,0.9463908081909918
470,9.966135587218944e-07,0.9951198002507856,0.00014308594175018217,0.9314393441876411
471,1.1799411316049968e-06,0.9948267788144818,0.00013817606473573655,0.9398276283067198
472,1.0834769789734257e-06,0.9956984891758245,0.00013975571087388748,0.941604932177852
473,1.0854998754220665e-06,0.9957532049236834,0.00012325818750454824,0.9485978985524963
474,1.1478397364219115e-06,0.9954471542910917,0.00011842492402116032,0.9460311338923542
475,1.0324145293885488e-06,0.9954431719904745,0.00012502884568035618,0.940956340236979
476,1.1450292644300275e-06,0.9949559646801955,0.00013053846015608473,0.9476273257017495
477,1.1934751755076761e-06,0.9950122121647996,0.00012509188625728577,0.9417021485081694
478,1.0413670519408943e-06,0.9957898345946326,0.00010835442485986804,0.9489818151880947
479,1.2364820562993373e-06,0.9943431835094256,0.00012531350435421946,0.942692658728805
480,1.193883417836507e-06,0.9948025815347297,0.00012034844318579238,0.9488858126425141
481,1.1966992445877622e-06,0.9948721812632054,0.00011808762875631373,0.9477961276986536
482,1.0649688857273968e-06,0.9957964044588705,0.00012078576213013183,0.9530009809414355
483,9.862819424072838e-07,0.9965737509677665,0.00012593126209528357,0.944449473386187
484,1.1188065503102525e-06,0.995466015642396,0.0001144924047576507,0.948554518945727
485,1.0669954099066322e-06,0.9963908379032053,0.00011539958774438201,0.9486012892850624
486,1.0685166685128968e-06,0.9950172338893313,0.00012242865947930371,0.9468288292765306
487,1.0949310026175085e-06,0.9960912666974782,0.00010666331629012486,0.9509871910455534
488,1.1287558506340317e-06,0.9950332873297015,0.00011584990935487892,0.949106625086995
489,1.098456328699845e-06,0.9958715433046219,0.00012324788016037348,0.9497317342893731
490,1.006614216528043e-06,0.9959563964442222,0.0001244244038893441,0.9464637234146962
491,1.0001395805895404e-06,0.995352817967932,0.00010960837102577884,0.9549706944291769
492,1.0485546404481738e-06,0.9955382232951272,0.00012474732516935068,0.9424480626754319
493,9.330247912395442e-07,0.9958837004667043,0.00011796186421100593,0.9478194639516213
494,9.68558970052632e-07,0.996927895041573,0.00010762372759958002,0.9527813343895347
495,1.1322818380676836e-06,0.9951560878739916,0.00010814482691681512,0.9544798922317106
496,9.19623049027835e-07,0.9968045086399774,0.00010781501993618347,0.9520021072361905
497,9.949776791874963e-07,0.9963625132305142,0.00010814741302909672,0.9531709620525057
498,1.0267917011001023e-06,0.9962457427563177,0.00011523494048909937,0.9483065584003909
499,1.1223237625411177e-06,0.994957404553247,0.00011879121557143094,0.9469551346212098
